Unnamed: 0,budget,movieId,original_language,popularity,release_date,revenue,runtime,title,vote_average,vote_count,userId,rating,timestamp,genres_flattened
0,30000000,862.0,en,21.946943,1995-10-30,173713725.0,81.0,Toy Story,7.7,1586.5,1923,3.0,858335006,"Animation, Comedy, Family"
1,30000000,862.0,en,21.946943,1995-10-30,173713725.0,81.0,Toy Story,7.7,1586.5,2103,5.0,946044912,"Animation, Comedy, Family"
2,30000000,862.0,en,21.946943,1995-10-30,173713725.0,81.0,Toy Story,7.7,1586.5,5380,1.5,878941641,"Animation, Comedy, Family"
3,30000000,862.0,en,21.946943,1995-10-30,173713725.0,81.0,Toy Story,7.7,1586.5,6177,4.0,859415226,"Animation, Comedy, Family"
4,30000000,862.0,en,21.946943,1995-10-30,173713725.0,81.0,Toy Story,7.7,1586.5,6525,4.0,857388995,"Animation, Comedy, Family"
5,30000000,862.0,en,21.946943,1995-10-30,173713725.0,81.0,Toy Story,7.7,1586.5,7050,3.0,951328483,"Animation, Comedy, Family"
6,30000000,862.0,en,21.946943,1995-10-30,173713725.0,81.0,Toy Story,7.7,1586.5,7238,3.0,988054686,"Animation, Comedy, Family"
7,30000000,862.0,en,21.946943,1995-10-30,173713725.0,81.0,Toy Story,7.7,1586.5,8659,4.0,997143296,"Animation, Comedy, Family"
8,30000000,862.0,en,21.946943,1995-10-30,173713725.0,81.0,Toy Story,7.7,1586.5,9328,4.0,1037486302,"Animation, Comedy, Family"
9,30000000,862.0,en,21.946943,1995-10-30,173713725.0,81.0,Toy Story,7.7,1586.5,9682,4.0,949005840,"Animation, Comedy, Family"
10,30000000,862.0,en,21.946943,1995-10-30,173713725.0,81.0,Toy Story,7.7,1586.5,10425,3.0,878083313,"Animation, Comedy, Family"
11,30000000,862.0,en,21.946943,1995-10-30,173713725.0,81.0,Toy Story,7.7,1586.5,11214,3.5,1078418362,"Animation, Comedy, Family"
12,30000000,862.0,en,21.946943,1995-10-30,173713725.0,81.0,Toy Story,7.7,1586.5,13839,4.0,1182659035,"Animation, Comedy, Family"
13,30000000,862.0,en,21.946943,1995-10-30,173713725.0,81.0,Toy Story,7.7,1586.5,15235,5.0,860224118,"Animation, Comedy, Family"
14,30000000,862.0,en,21.946943,1995-10-30,173713725.0,81.0,Toy Story,7.7,1586.5,16287,4.0,877197469,"Animation, Comedy, Family"
15,30000000,862.0,en,21.946943,1995-10-30,173713725.0,81.0,Toy Story,7.7,1586.5,17210,4.0,975100124,"Animation, Comedy, Family"
16,30000000,862.0,en,21.946943,1995-10-30,173713725.0,81.0,Toy Story,7.7,1586.5,17211,5.0,953170641,"Animation, Comedy, Family"
17,30000000,862.0,en,21.946943,1995-10-30,173713725.0,81.0,Toy Story,7.7,1586.5,17325,5.0,1487586599,"Animation, Comedy, Family"
18,30000000,862.0,en,21.946943,1995-10-30,173713725.0,81.0,Toy Story,7.7,1586.5,17489,4.0,962654115,"Animation, Comedy, Family"
19,30000000,862.0,en,21.946943,1995-10-30,173713725.0,81.0,Toy Story,7.7,1586.5,17545,4.0,1024376279,"Animation, Comedy, Family"
20,30000000,862.0,en,21.946943,1995-10-30,173713725.0,81.0,Toy Story,7.7,1586.5,17765,4.0,974939322,"Animation, Comedy, Family"
21,30000000,862.0,en,21.946943,1995-10-30,173713725.0,81.0,Toy Story,7.7,1586.5,18274,4.5,1140040006,"Animation, Comedy, Family"
22,30000000,862.0,en,21.946943,1995-10-30,173713725.0,81.0,Toy Story,7.7,1586.5,18303,3.5,1078731779,"Animation, Comedy, Family"
23,30000000,862.0,en,21.946943,1995-10-30,173713725.0,81.0,Toy Story,7.7,1586.5,18595,5.0,978405016,"Animation, Comedy, Family"
24,30000000,862.0,en,21.946943,1995-10-30,173713725.0,81.0,Toy Story,7.7,1586.5,19404,4.0,1000934787,"Animation, Comedy, Family"
25,30000000,862.0,en,21.946943,1995-10-30,173713725.0,81.0,Toy Story,7.7,1586.5,19588,2.0,945550056,"Animation, Comedy, Family"
26,30000000,862.0,en,21.946943,1995-10-30,173713725.0,81.0,Toy Story,7.7,1586.5,20159,3.0,940762346,"Animation, Comedy, Family"
27,30000000,862.0,en,21.946943,1995-10-30,173713725.0,81.0,Toy Story,7.7,1586.5,21664,4.0,974790117,"Animation, Comedy, Family"
28,30000000,862.0,en,21.946943,1995-10-30,173713725.0,81.0,Toy Story,7.7,1586.5,22904,1.5,863363649,"Animation, Comedy, Family"
29,30000000,862.0,en,21.946943,1995-10-30,173713725.0,81.0,Toy Story,7.7,1586.5,23635,4.0,1061848918,"Animation, Comedy, Family"
30,30000000,862.0,en,21.946943,1995-10-30,173713725.0,81.0,Toy Story,7.7,1586.5,23695,3.0,968215777,"Animation, Comedy, Family"
31,30000000,862.0,en,21.946943,1995-10-30,173713725.0,81.0,Toy Story,7.7,1586.5,24247,3.0,859697532,"Animation, Comedy, Family"
32,30000000,862.0,en,21.946943,1995-10-30,173713725.0,81.0,Toy Story,7.7,1586.5,25913,2.0,1026962916,"Animation, Comedy, Family"
33,30000000,862.0,en,21.946943,1995-10-30,173713725.0,81.0,Toy Story,7.7,1586.5,27685,5.0,996605132,"Animation, Comedy, Family"
34,30000000,862.0,en,21.946943,1995-10-30,173713725.0,81.0,Toy Story,7.7,1586.5,28528,5.0,841268569,"Animation, Comedy, Family"
35,30000000,862.0,en,21.946943,1995-10-30,173713725.0,81.0,Toy Story,7.7,1586.5,28866,4.0,940613478,"Animation, Comedy, Family"
36,30000000,862.0,en,21.946943,1995-10-30,173713725.0,81.0,Toy Story,7.7,1586.5,29515,4.0,1081370800,"Animation, Comedy, Family"
37,30000000,862.0,en,21.946943,1995-10-30,173713725.0,81.0,Toy Story,7.7,1586.5,29611,5.0,1030377600,"Animation, Comedy, Family"
38,30000000,862.0,en,21.946943,1995-10-30,173713725.0,81.0,Toy Story,7.7,1586.5,29662,1.5,854354368,"Animation, Comedy, Family"
39,30000000,862.0,en,21.946943,1995-10-30,173713725.0,81.0,Toy Story,7.7,1586.5,29727,1.5,843252146,"Animation, Comedy, Family"
40,30000000,862.0,en,21.946943,1995-10-30,173713725.0,81.0,Toy Story,7.7,1586.5,32984,2.0,1245472611,"Animation, Comedy, Family"
41,30000000,862.0,en,21.946943,1995-10-30,173713725.0,81.0,Toy Story,7.7,1586.5,33067,4.0,944910099,"Animation, Comedy, Family"
42,30000000,862.0,en,21.946943,1995-10-30,173713725.0,81.0,Toy Story,7.7,1586.5,33296,4.0,941883320,"Animation, Comedy, Family"
43,30000000,862.0,en,21.946943,1995-10-30,173713725.0,81.0,Toy Story,7.7,1586.5,34238,3.0,962999684,"Animation, Comedy, Family"
44,30000000,862.0,en,21.946943,1995-10-30,173713725.0,81.0,Toy Story,7.7,1586.5,34876,5.0,854041151,"Animation, Comedy, Family"
45,30000000,862.0,en,21.946943,1995-10-30,173713725.0,81.0,Toy Story,7.7,1586.5,35190,4.0,1077456118,"Animation, Comedy, Family"
46,30000000,862.0,en,21.946943,1995-10-30,173713725.0,81.0,Toy Story,7.7,1586.5,35808,5.0,945386310,"Animation, Comedy, Family"
47,30000000,862.0,en,21.946943,1995-10-30,173713725.0,81.0,Toy Story,7.7,1586.5,36342,5.0,859046488,"Animation, Comedy, Family"
48,30000000,862.0,en,21.946943,1995-10-30,173713725.0,81.0,Toy Story,7.7,1586.5,37299,3.0,1015220879,"Animation, Comedy, Family"
49,30000000,862.0,en,21.946943,1995-10-30,173713725.0,81.0,Toy Story,7.7,1586.5,39216,4.0,989356788,"Animation, Comedy, Family"
50,30000000,862.0,en,21.946943,1995-10-30,173713725.0,81.0,Toy Story,7.7,1586.5,39409,4.0,883659872,"Animation, Comedy, Family"
51,30000000,862.0,en,21.946943,1995-10-30,173713725.0,81.0,Toy Story,7.7,1586.5,39760,4.5,1153886457,"Animation, Comedy, Family"
52,30000000,862.0,en,21.946943,1995-10-30,173713725.0,81.0,Toy Story,7.7,1586.5,40363,4.0,954657047,"Animation, Comedy, Family"
53,30000000,862.0,en,21.946943,1995-10-30,173713725.0,81.0,Toy Story,7.7,1586.5,41368,3.0,948502032,"Animation, Comedy, Family"
54,30000000,862.0,en,21.946943,1995-10-30,173713725.0,81.0,Toy Story,7.7,1586.5,41468,5.0,996687466,"Animation, Comedy, Family"
55,30000000,862.0,en,21.946943,1995-10-30,173713725.0,81.0,Toy Story,7.7,1586.5,42550,5.0,868241655,"Animation, Comedy, Family"
56,30000000,862.0,en,21.946943,1995-10-30,173713725.0,81.0,Toy Story,7.7,1586.5,42746,4.0,1105248159,"Animation, Comedy, Family"
57,30000000,862.0,en,21.946943,1995-10-30,173713725.0,81.0,Toy Story,7.7,1586.5,43681,5.0,854531752,"Animation, Comedy, Family"
58,30000000,862.0,en,21.946943,1995-10-30,173713725.0,81.0,Toy Story,7.7,1586.5,44470,4.0,1166325210,"Animation, Comedy, Family"
59,30000000,862.0,en,21.946943,1995-10-30,173713725.0,81.0,Toy Story,7.7,1586.5,45264,4.0,1353792206,"Animation, Comedy, Family"
60,30000000,862.0,en,21.946943,1995-10-30,173713725.0,81.0,Toy Story,7.7,1586.5,46156,3.0,1027198088,"Animation, Comedy, Family"
61,30000000,862.0,en,21.946943,1995-10-30,173713725.0,81.0,Toy Story,7.7,1586.5,46200,4.0,942491086,"Animation, Comedy, Family"
62,30000000,862.0,en,21.946943,1995-10-30,173713725.0,81.0,Toy Story,7.7,1586.5,47235,3.0,944883843,"Animation, Comedy, Family"
63,30000000,862.0,en,21.946943,1995-10-30,173713725.0,81.0,Toy Story,7.7,1586.5,47253,5.0,944257995,"Animation, Comedy, Family"
64,30000000,862.0,en,21.946943,1995-10-30,173713725.0,81.0,Toy Story,7.7,1586.5,47435,3.0,887329465,"Animation, Comedy, Family"
65,30000000,862.0,en,21.946943,1995-10-30,173713725.0,81.0,Toy Story,7.7,1586.5,47547,2.0,965937901,"Animation, Comedy, Family"
66,30000000,862.0,en,21.946943,1995-10-30,173713725.0,81.0,Toy Story,7.7,1586.5,50057,4.0,1016582092,"Animation, Comedy, Family"
67,30000000,862.0,en,21.946943,1995-10-30,173713725.0,81.0,Toy Story,7.7,1586.5,50105,3.0,974943370,"Animation, Comedy, Family"
68,30000000,862.0,en,21.946943,1995-10-30,173713725.0,81.0,Toy Story,7.7,1586.5,50747,3.0,973278249,"Animation, Comedy, Family"
69,30000000,862.0,en,21.946943,1995-10-30,173713725.0,81.0,Toy Story,7.7,1586.5,51615,4.0,939101667,"Animation, Comedy, Family"
70,30000000,862.0,en,21.946943,1995-10-30,173713725.0,81.0,Toy Story,7.7,1586.5,51743,3.0,956716728,"Animation, Comedy, Family"
71,30000000,862.0,en,21.946943,1995-10-30,173713725.0,81.0,Toy Story,7.7,1586.5,51943,4.0,860844529,"Animation, Comedy, Family"
72,30000000,862.0,en,21.946943,1995-10-30,173713725.0,81.0,Toy Story,7.7,1586.5,52159,3.0,869352035,"Animation, Comedy, Family"
73,30000000,862.0,en,21.946943,1995-10-30,173713725.0,81.0,Toy Story,7.7,1586.5,52672,4.0,946860105,"Animation, Comedy, Family"
74,30000000,862.0,en,21.946943,1995-10-30,173713725.0,81.0,Toy Story,7.7,1586.5,52794,4.0,1118185976,"Animation, Comedy, Family"
75,30000000,862.0,en,21.946943,1995-10-30,173713725.0,81.0,Toy Story,7.7,1586.5,54069,4.0,945484298,"Animation, Comedy, Family"
76,30000000,862.0,en,21.946943,1995-10-30,173713725.0,81.0,Toy Story,7.7,1586.5,55353,3.5,1148316630,"Animation, Comedy, Family"
77,30000000,862.0,en,21.946943,1995-10-30,173713725.0,81.0,Toy Story,7.7,1586.5,55916,1.5,1107040125,"Animation, Comedy, Family"
78,30000000,862.0,en,21.946943,1995-10-30,173713725.0,81.0,Toy Story,7.7,1586.5,56159,3.0,965813955,"Animation, Comedy, Family"
79,30000000,862.0,en,21.946943,1995-10-30,173713725.0,81.0,Toy Story,7.7,1586.5,56306,4.0,939230483,"Animation, Comedy, Family"
80,30000000,862.0,en,21.946943,1995-10-30,173713725.0,81.0,Toy Story,7.7,1586.5,56658,3.0,866501451,"Animation, Comedy, Family"
81,30000000,862.0,en,21.946943,1995-10-30,173713725.0,81.0,Toy Story,7.7,1586.5,57530,3.0,857937914,"Animation, Comedy, Family"
82,30000000,862.0,en,21.946943,1995-10-30,173713725.0,81.0,Toy Story,7.7,1586.5,58020,2.0,1005136800,"Animation, Comedy, Family"
83,30000000,862.0,en,21.946943,1995-10-30,173713725.0,81.0,Toy Story,7.7,1586.5,60313,4.0,854126674,"Animation, Comedy, Family"
84,30000000,862.0,en,21.946943,1995-10-30,173713725.0,81.0,Toy Story,7.7,1586.5,62198,3.0,862790539,"Animation, Comedy, Family"
85,30000000,862.0,en,21.946943,1995-10-30,173713725.0,81.0,Toy Story,7.7,1586.5,64537,3.5,1061827179,"Animation, Comedy, Family"
86,30000000,862.0,en,21.946943,1995-10-30,173713725.0,81.0,Toy Story,7.7,1586.5,64689,3.0,942305617,"Animation, Comedy, Family"
87,30000000,862.0,en,21.946943,1995-10-30,173713725.0,81.0,Toy Story,7.7,1586.5,66311,5.0,856129912,"Animation, Comedy, Family"
88,30000000,862.0,en,21.946943,1995-10-30,173713725.0,81.0,Toy Story,7.7,1586.5,66361,3.0,863614633,"Animation, Comedy, Family"
89,30000000,862.0,en,21.946943,1995-10-30,173713725.0,81.0,Toy Story,7.7,1586.5,66423,5.0,988059504,"Animation, Comedy, Family"
90,30000000,862.0,en,21.946943,1995-10-30,173713725.0,81.0,Toy Story,7.7,1586.5,66577,3.0,839245643,"Animation, Comedy, Family"
91,30000000,862.0,en,21.946943,1995-10-30,173713725.0,81.0,Toy Story,7.7,1586.5,66622,4.5,1441599222,"Animation, Comedy, Family"
92,30000000,862.0,en,21.946943,1995-10-30,173713725.0,81.0,Toy Story,7.7,1586.5,67102,4.0,968542641,"Animation, Comedy, Family"
93,30000000,862.0,en,21.946943,1995-10-30,173713725.0,81.0,Toy Story,7.7,1586.5,67168,2.0,1010767705,"Animation, Comedy, Family"
94,30000000,862.0,en,21.946943,1995-10-30,173713725.0,81.0,Toy Story,7.7,1586.5,68112,4.0,1080565602,"Animation, Comedy, Family"
95,30000000,862.0,en,21.946943,1995-10-30,173713725.0,81.0,Toy Story,7.7,1586.5,68260,3.0,884814824,"Animation, Comedy, Family"
96,30000000,862.0,en,21.946943,1995-10-30,173713725.0,81.0,Toy Story,7.7,1586.5,69979,4.0,950324747,"Animation, Comedy, Family"
97,30000000,862.0,en,21.946943,1995-10-30,173713725.0,81.0,Toy Story,7.7,1586.5,70654,2.0,882790578,"Animation, Comedy, Family"
98,30000000,862.0,en,21.946943,1995-10-30,173713725.0,81.0,Toy Story,7.7,1586.5,70766,4.0,1048520583,"Animation, Comedy, Family"
99,30000000,862.0,en,21.946943,1995-10-30,173713725.0,81.0,Toy Story,7.7,1586.5,71266,4.0,841847098,"Animation, Comedy, Family"
100,30000000,862.0,en,21.946943,1995-10-30,173713725.0,81.0,Toy Story,7.7,1586.5,71832,5.0,841531493,"Animation, Comedy, Family"
101,30000000,862.0,en,21.946943,1995-10-30,173713725.0,81.0,Toy Story,7.7,1586.5,72206,4.0,859544357,"Animation, Comedy, Family"
102,30000000,862.0,en,21.946943,1995-10-30,173713725.0,81.0,Toy Story,7.7,1586.5,72229,3.0,1015181453,"Animation, Comedy, Family"
103,30000000,862.0,en,21.946943,1995-10-30,173713725.0,81.0,Toy Story,7.7,1586.5,73599,3.0,940803707,"Animation, Comedy, Family"
104,30000000,862.0,en,21.946943,1995-10-30,173713725.0,81.0,Toy Story,7.7,1586.5,73616,3.0,854033186,"Animation, Comedy, Family"
105,30000000,862.0,en,21.946943,1995-10-30,173713725.0,81.0,Toy Story,7.7,1586.5,73948,5.0,854390919,"Animation, Comedy, Family"
106,30000000,862.0,en,21.946943,1995-10-30,173713725.0,81.0,Toy Story,7.7,1586.5,74175,3.0,844929704,"Animation, Comedy, Family"
107,30000000,862.0,en,21.946943,1995-10-30,173713725.0,81.0,Toy Story,7.7,1586.5,74465,2.0,1181442078,"Animation, Comedy, Family"
108,30000000,862.0,en,21.946943,1995-10-30,173713725.0,81.0,Toy Story,7.7,1586.5,75133,5.0,865084310,"Animation, Comedy, Family"
109,30000000,862.0,en,21.946943,1995-10-30,173713725.0,81.0,Toy Story,7.7,1586.5,75357,5.0,859273093,"Animation, Comedy, Family"
110,30000000,862.0,en,21.946943,1995-10-30,173713725.0,81.0,Toy Story,7.7,1586.5,75580,4.0,944430759,"Animation, Comedy, Family"
111,30000000,862.0,en,21.946943,1995-10-30,173713725.0,81.0,Toy Story,7.7,1586.5,76690,5.0,999126797,"Animation, Comedy, Family"
112,30000000,862.0,en,21.946943,1995-10-30,173713725.0,81.0,Toy Story,7.7,1586.5,77381,3.0,864820696,"Animation, Comedy, Family"
113,30000000,862.0,en,21.946943,1995-10-30,173713725.0,81.0,Toy Story,7.7,1586.5,77635,4.5,1085799308,"Animation, Comedy, Family"
114,30000000,862.0,en,21.946943,1995-10-30,173713725.0,81.0,Toy Story,7.7,1586.5,77701,2.0,917388818,"Animation, Comedy, Family"
115,30000000,862.0,en,21.946943,1995-10-30,173713725.0,81.0,Toy Story,7.7,1586.5,78809,3.5,1062028532,"Animation, Comedy, Family"
116,30000000,862.0,en,21.946943,1995-10-30,173713725.0,81.0,Toy Story,7.7,1586.5,79419,3.0,1002699034,"Animation, Comedy, Family"
117,30000000,862.0,en,21.946943,1995-10-30,173713725.0,81.0,Toy Story,7.7,1586.5,79823,3.0,1087684794,"Animation, Comedy, Family"
118,30000000,862.0,en,21.946943,1995-10-30,173713725.0,81.0,Toy Story,7.7,1586.5,81267,4.0,869553535,"Animation, Comedy, Family"
119,30000000,862.0,en,21.946943,1995-10-30,173713725.0,81.0,Toy Story,7.7,1586.5,81491,4.0,843806738,"Animation, Comedy, Family"
120,30000000,862.0,en,21.946943,1995-10-30,173713725.0,81.0,Toy Story,7.7,1586.5,82385,5.0,854951415,"Animation, Comedy, Family"
121,30000000,862.0,en,21.946943,1995-10-30,173713725.0,81.0,Toy Story,7.7,1586.5,82921,3.0,1028646814,"Animation, Comedy, Family"
122,30000000,862.0,en,21.946943,1995-10-30,173713725.0,81.0,Toy Story,7.7,1586.5,83777,4.0,1084937405,"Animation, Comedy, Family"
123,30000000,862.0,en,21.946943,1995-10-30,173713725.0,81.0,Toy Story,7.7,1586.5,84981,4.0,955044200,"Animation, Comedy, Family"
124,30000000,862.0,en,21.946943,1995-10-30,173713725.0,81.0,Toy Story,7.7,1586.5,85434,3.0,953927378,"Animation, Comedy, Family"
125,30000000,862.0,en,21.946943,1995-10-30,173713725.0,81.0,Toy Story,7.7,1586.5,87924,3.0,1022394481,"Animation, Comedy, Family"
126,30000000,862.0,en,21.946943,1995-10-30,173713725.0,81.0,Toy Story,7.7,1586.5,88615,5.0,853846930,"Animation, Comedy, Family"
127,30000000,862.0,en,21.946943,1995-10-30,173713725.0,81.0,Toy Story,7.7,1586.5,88864,3.0,1136426031,"Animation, Comedy, Family"
128,30000000,862.0,en,21.946943,1995-10-30,173713725.0,81.0,Toy Story,7.7,1586.5,89020,3.5,1277829336,"Animation, Comedy, Family"
129,30000000,862.0,en,21.946943,1995-10-30,173713725.0,81.0,Toy Story,7.7,1586.5,89297,3.0,939881623,"Animation, Comedy, Family"
130,30000000,862.0,en,21.946943,1995-10-30,173713725.0,81.0,Toy Story,7.7,1586.5,90739,2.0,844937694,"Animation, Comedy, Family"
131,30000000,862.0,en,21.946943,1995-10-30,173713725.0,81.0,Toy Story,7.7,1586.5,90789,4.0,856541736,"Animation, Comedy, Family"
132,30000000,862.0,en,21.946943,1995-10-30,173713725.0,81.0,Toy Story,7.7,1586.5,91516,4.0,998419462,"Animation, Comedy, Family"
133,30000000,862.0,en,21.946943,1995-10-30,173713725.0,81.0,Toy Story,7.7,1586.5,92519,3.0,910913246,"Animation, Comedy, Family"
134,30000000,862.0,en,21.946943,1995-10-30,173713725.0,81.0,Toy Story,7.7,1586.5,93336,2.0,945063541,"Animation, Comedy, Family"
135,30000000,862.0,en,21.946943,1995-10-30,173713725.0,81.0,Toy Story,7.7,1586.5,94682,3.5,1442466029,"Animation, Comedy, Family"
136,30000000,862.0,en,21.946943,1995-10-30,173713725.0,81.0,Toy Story,7.7,1586.5,95090,4.0,854906543,"Animation, Comedy, Family"
137,30000000,862.0,en,21.946943,1995-10-30,173713725.0,81.0,Toy Story,7.7,1586.5,95885,4.0,942506039,"Animation, Comedy, Family"
138,30000000,862.0,en,21.946943,1995-10-30,173713725.0,81.0,Toy Story,7.7,1586.5,96821,3.0,1020090189,"Animation, Comedy, Family"
139,30000000,862.0,en,21.946943,1995-10-30,173713725.0,81.0,Toy Story,7.7,1586.5,97910,3.0,963029852,"Animation, Comedy, Family"
140,30000000,862.0,en,21.946943,1995-10-30,173713725.0,81.0,Toy Story,7.7,1586.5,98243,5.0,865601538,"Animation, Comedy, Family"
141,30000000,862.0,en,21.946943,1995-10-30,173713725.0,81.0,Toy Story,7.7,1586.5,98415,3.0,1050337706,"Animation, Comedy, Family"
142,30000000,862.0,en,21.946943,1995-10-30,173713725.0,81.0,Toy Story,7.7,1586.5,99478,5.0,941662578,"Animation, Comedy, Family"
143,30000000,862.0,en,21.946943,1995-10-30,173713725.0,81.0,Toy Story,7.7,1586.5,100309,4.0,978128957,"Animation, Comedy, Family"
144,30000000,862.0,en,21.946943,1995-10-30,173713725.0,81.0,Toy Story,7.7,1586.5,100542,4.0,856625373,"Animation, Comedy, Family"
145,30000000,862.0,en,21.946943,1995-10-30,173713725.0,81.0,Toy Story,7.7,1586.5,101330,4.0,950886678,"Animation, Comedy, Family"
146,30000000,862.0,en,21.946943,1995-10-30,173713725.0,81.0,Toy Story,7.7,1586.5,101867,2.0,892495993,"Animation, Comedy, Family"
147,30000000,862.0,en,21.946943,1995-10-30,173713725.0,81.0,Toy Story,7.7,1586.5,101914,5.0,974710277,"Animation, Comedy, Family"
148,30000000,862.0,en,21.946943,1995-10-30,173713725.0,81.0,Toy Story,7.7,1586.5,102716,3.0,1031593712,"Animation, Comedy, Family"
149,30000000,862.0,en,21.946943,1995-10-30,173713725.0,81.0,Toy Story,7.7,1586.5,102966,2.0,854094105,"Animation, Comedy, Family"
150,30000000,862.0,en,21.946943,1995-10-30,173713725.0,81.0,Toy Story,7.7,1586.5,104264,3.0,999056493,"Animation, Comedy, Family"
151,30000000,862.0,en,21.946943,1995-10-30,173713725.0,81.0,Toy Story,7.7,1586.5,104995,1.5,842961123,"Animation, Comedy, Family"
152,30000000,862.0,en,21.946943,1995-10-30,173713725.0,81.0,Toy Story,7.7,1586.5,105267,3.0,845910476,"Animation, Comedy, Family"
153,30000000,862.0,en,21.946943,1995-10-30,173713725.0,81.0,Toy Story,7.7,1586.5,106935,3.0,974694713,"Animation, Comedy, Family"
154,30000000,862.0,en,21.946943,1995-10-30,173713725.0,81.0,Toy Story,7.7,1586.5,107720,2.0,1030400148,"Animation, Comedy, Family"
155,30000000,862.0,en,21.946943,1995-10-30,173713725.0,81.0,Toy Story,7.7,1586.5,108287,4.0,858012122,"Animation, Comedy, Family"
156,30000000,862.0,en,21.946943,1995-10-30,173713725.0,81.0,Toy Story,7.7,1586.5,108416,5.0,845132417,"Animation, Comedy, Family"
157,30000000,862.0,en,21.946943,1995-10-30,173713725.0,81.0,Toy Story,7.7,1586.5,110403,2.0,949185985,"Animation, Comedy, Family"
158,30000000,862.0,en,21.946943,1995-10-30,173713725.0,81.0,Toy Story,7.7,1586.5,111040,4.0,838300993,"Animation, Comedy, Family"
159,30000000,862.0,en,21.946943,1995-10-30,173713725.0,81.0,Toy Story,7.7,1586.5,111858,3.0,941319875,"Animation, Comedy, Family"
160,30000000,862.0,en,21.946943,1995-10-30,173713725.0,81.0,Toy Story,7.7,1586.5,112373,5.0,861908482,"Animation, Comedy, Family"
161,30000000,862.0,en,21.946943,1995-10-30,173713725.0,81.0,Toy Story,7.7,1586.5,112843,4.5,1081125649,"Animation, Comedy, Family"
162,30000000,862.0,en,21.946943,1995-10-30,173713725.0,81.0,Toy Story,7.7,1586.5,114034,5.0,941820807,"Animation, Comedy, Family"
163,30000000,862.0,en,21.946943,1995-10-30,173713725.0,81.0,Toy Story,7.7,1586.5,115599,3.0,857686691,"Animation, Comedy, Family"
164,30000000,862.0,en,21.946943,1995-10-30,173713725.0,81.0,Toy Story,7.7,1586.5,115989,3.0,854210715,"Animation, Comedy, Family"
165,30000000,862.0,en,21.946943,1995-10-30,173713725.0,81.0,Toy Story,7.7,1586.5,117252,4.0,1348581412,"Animation, Comedy, Family"
166,30000000,862.0,en,21.946943,1995-10-30,173713725.0,81.0,Toy Story,7.7,1586.5,118673,2.0,975804117,"Animation, Comedy, Family"
167,30000000,862.0,en,21.946943,1995-10-30,173713725.0,81.0,Toy Story,7.7,1586.5,118990,5.0,946503252,"Animation, Comedy, Family"
168,30000000,862.0,en,21.946943,1995-10-30,173713725.0,81.0,Toy Story,7.7,1586.5,122838,2.0,1277690754,"Animation, Comedy, Family"
169,30000000,862.0,en,21.946943,1995-10-30,173713725.0,81.0,Toy Story,7.7,1586.5,123841,4.0,991412800,"Animation, Comedy, Family"
170,30000000,862.0,en,21.946943,1995-10-30,173713725.0,81.0,Toy Story,7.7,1586.5,123933,3.0,850222425,"Animation, Comedy, Family"
171,30000000,862.0,en,21.946943,1995-10-30,173713725.0,81.0,Toy Story,7.7,1586.5,126470,3.0,992288706,"Animation, Comedy, Family"
172,30000000,862.0,en,21.946943,1995-10-30,173713725.0,81.0,Toy Story,7.7,1586.5,127879,4.0,947903618,"Animation, Comedy, Family"
173,30000000,862.0,en,21.946943,1995-10-30,173713725.0,81.0,Toy Story,7.7,1586.5,128297,5.0,853930440,"Animation, Comedy, Family"
174,30000000,862.0,en,21.946943,1995-10-30,173713725.0,81.0,Toy Story,7.7,1586.5,128620,5.0,862468945,"Animation, Comedy, Family"
175,30000000,862.0,en,21.946943,1995-10-30,173713725.0,81.0,Toy Story,7.7,1586.5,128979,4.0,868015323,"Animation, Comedy, Family"
176,30000000,862.0,en,21.946943,1995-10-30,173713725.0,81.0,Toy Story,7.7,1586.5,129725,4.0,950716242,"Animation, Comedy, Family"
177,30000000,862.0,en,21.946943,1995-10-30,173713725.0,81.0,Toy Story,7.7,1586.5,130144,2.5,1265212892,"Animation, Comedy, Family"
178,30000000,862.0,en,21.946943,1995-10-30,173713725.0,81.0,Toy Story,7.7,1586.5,130219,3.0,944977343,"Animation, Comedy, Family"
179,30000000,862.0,en,21.946943,1995-10-30,173713725.0,81.0,Toy Story,7.7,1586.5,130237,5.0,854484005,"Animation, Comedy, Family"
180,30000000,862.0,en,21.946943,1995-10-30,173713725.0,81.0,Toy Story,7.7,1586.5,130974,3.5,1101874044,"Animation, Comedy, Family"
181,30000000,862.0,en,21.946943,1995-10-30,173713725.0,81.0,Toy Story,7.7,1586.5,131439,4.0,991599148,"Animation, Comedy, Family"
182,30000000,862.0,en,21.946943,1995-10-30,173713725.0,81.0,Toy Story,7.7,1586.5,132221,5.0,866179886,"Animation, Comedy, Family"
183,30000000,862.0,en,21.946943,1995-10-30,173713725.0,81.0,Toy Story,7.7,1586.5,132548,3.0,1075722157,"Animation, Comedy, Family"
184,30000000,862.0,en,21.946943,1995-10-30,173713725.0,81.0,Toy Story,7.7,1586.5,134237,4.0,880385380,"Animation, Comedy, Family"
185,30000000,862.0,en,21.946943,1995-10-30,173713725.0,81.0,Toy Story,7.7,1586.5,134366,4.0,960701785,"Animation, Comedy, Family"
186,30000000,862.0,en,21.946943,1995-10-30,173713725.0,81.0,Toy Story,7.7,1586.5,134528,3.0,1060206580,"Animation, Comedy, Family"
187,30000000,862.0,en,21.946943,1995-10-30,173713725.0,81.0,Toy Story,7.7,1586.5,135143,1.5,1003534664,"Animation, Comedy, Family"
188,30000000,862.0,en,21.946943,1995-10-30,173713725.0,81.0,Toy Story,7.7,1586.5,135979,4.5,1078707270,"Animation, Comedy, Family"
189,30000000,862.0,en,21.946943,1995-10-30,173713725.0,81.0,Toy Story,7.7,1586.5,137233,4.0,974711543,"Animation, Comedy, Family"
190,30000000,862.0,en,21.946943,1995-10-30,173713725.0,81.0,Toy Story,7.7,1586.5,138064,3.0,946871632,"Animation, Comedy, Family"
191,30000000,862.0,en,21.946943,1995-10-30,173713725.0,81.0,Toy Story,7.7,1586.5,138710,4.5,1289429592,"Animation, Comedy, Family"
192,30000000,862.0,en,21.946943,1995-10-30,173713725.0,81.0,Toy Story,7.7,1586.5,138781,2.0,864561183,"Animation, Comedy, Family"
193,30000000,862.0,en,21.946943,1995-10-30,173713725.0,81.0,Toy Story,7.7,1586.5,138957,3.0,866033805,"Animation, Comedy, Family"
194,30000000,862.0,en,21.946943,1995-10-30,173713725.0,81.0,Toy Story,7.7,1586.5,139886,5.0,859065543,"Animation, Comedy, Family"
195,30000000,862.0,en,21.946943,1995-10-30,173713725.0,81.0,Toy Story,7.7,1586.5,141403,3.0,861341762,"Animation, Comedy, Family"
196,30000000,862.0,en,21.946943,1995-10-30,173713725.0,81.0,Toy Story,7.7,1586.5,141711,4.0,957733805,"Animation, Comedy, Family"
197,30000000,862.0,en,21.946943,1995-10-30,173713725.0,81.0,Toy Story,7.7,1586.5,141725,4.0,956591941,"Animation, Comedy, Family"
198,30000000,862.0,en,21.946943,1995-10-30,173713725.0,81.0,Toy Story,7.7,1586.5,142032,3.0,839313631,"Animation, Comedy, Family"
199,30000000,862.0,en,21.946943,1995-10-30,173713725.0,81.0,Toy Story,7.7,1586.5,142142,4.0,1076183403,"Animation, Comedy, Family"
200,30000000,862.0,en,21.946943,1995-10-30,173713725.0,81.0,Toy Story,7.7,1586.5,142647,3.0,950429696,"Animation, Comedy, Family"
201,30000000,862.0,en,21.946943,1995-10-30,173713725.0,81.0,Toy Story,7.7,1586.5,142905,4.0,1113166080,"Animation, Comedy, Family"
202,30000000,862.0,en,21.946943,1995-10-30,173713725.0,81.0,Toy Story,7.7,1586.5,143161,5.0,854126531,"Animation, Comedy, Family"
203,30000000,862.0,en,21.946943,1995-10-30,173713725.0,81.0,Toy Story,7.7,1586.5,143998,4.0,944924987,"Animation, Comedy, Family"
204,30000000,862.0,en,21.946943,1995-10-30,173713725.0,81.0,Toy Story,7.7,1586.5,144375,2.5,1145631317,"Animation, Comedy, Family"
205,30000000,862.0,en,21.946943,1995-10-30,173713725.0,81.0,Toy Story,7.7,1586.5,145605,4.0,1044894776,"Animation, Comedy, Family"
206,30000000,862.0,en,21.946943,1995-10-30,173713725.0,81.0,Toy Story,7.7,1586.5,145699,3.0,882587063,"Animation, Comedy, Family"
207,30000000,862.0,en,21.946943,1995-10-30,173713725.0,81.0,Toy Story,7.7,1586.5,146405,3.0,1011919518,"Animation, Comedy, Family"
208,30000000,862.0,en,21.946943,1995-10-30,173713725.0,81.0,Toy Story,7.7,1586.5,146668,3.0,943158799,"Animation, Comedy, Family"
209,30000000,862.0,en,21.946943,1995-10-30,173713725.0,81.0,Toy Story,7.7,1586.5,147953,3.0,855566656,"Animation, Comedy, Family"
210,30000000,862.0,en,21.946943,1995-10-30,173713725.0,81.0,Toy Story,7.7,1586.5,148332,3.0,998981953,"Animation, Comedy, Family"
211,30000000,862.0,en,21.946943,1995-10-30,173713725.0,81.0,Toy Story,7.7,1586.5,148698,4.0,864657551,"Animation, Comedy, Family"
212,30000000,862.0,en,21.946943,1995-10-30,173713725.0,81.0,Toy Story,7.7,1586.5,148739,5.0,839251259,"Animation, Comedy, Family"
213,30000000,862.0,en,21.946943,1995-10-30,173713725.0,81.0,Toy Story,7.7,1586.5,149429,5.0,858981960,"Animation, Comedy, Family"
214,30000000,862.0,en,21.946943,1995-10-30,173713725.0,81.0,Toy Story,7.7,1586.5,150337,5.0,865607132,"Animation, Comedy, Family"
215,30000000,862.0,en,21.946943,1995-10-30,173713725.0,81.0,Toy Story,7.7,1586.5,151013,5.0,1079321456,"Animation, Comedy, Family"
216,30000000,862.0,en,21.946943,1995-10-30,173713725.0,81.0,Toy Story,7.7,1586.5,151593,4.0,1066531765,"Animation, Comedy, Family"
217,30000000,862.0,en,21.946943,1995-10-30,173713725.0,81.0,Toy Story,7.7,1586.5,152170,4.0,950221736,"Animation, Comedy, Family"
218,30000000,862.0,en,21.946943,1995-10-30,173713725.0,81.0,Toy Story,7.7,1586.5,152492,5.0,944078045,"Animation, Comedy, Family"
219,30000000,862.0,en,21.946943,1995-10-30,173713725.0,81.0,Toy Story,7.7,1586.5,153180,5.0,901782240,"Animation, Comedy, Family"
220,30000000,862.0,en,21.946943,1995-10-30,173713725.0,81.0,Toy Story,7.7,1586.5,157560,2.0,975197323,"Animation, Comedy, Family"
221,30000000,862.0,en,21.946943,1995-10-30,173713725.0,81.0,Toy Story,7.7,1586.5,157989,1.5,1179843822,"Animation, Comedy, Family"
222,30000000,862.0,en,21.946943,1995-10-30,173713725.0,81.0,Toy Story,7.7,1586.5,158452,4.0,857500935,"Animation, Comedy, Family"
223,30000000,862.0,en,21.946943,1995-10-30,173713725.0,81.0,Toy Story,7.7,1586.5,159277,1.5,1013410551,"Animation, Comedy, Family"
224,30000000,862.0,en,21.946943,1995-10-30,173713725.0,81.0,Toy Story,7.7,1586.5,159826,5.0,853874761,"Animation, Comedy, Family"
225,30000000,862.0,en,21.946943,1995-10-30,173713725.0,81.0,Toy Story,7.7,1586.5,160411,4.0,979690353,"Animation, Comedy, Family"
226,30000000,862.0,en,21.946943,1995-10-30,173713725.0,81.0,Toy Story,7.7,1586.5,160414,3.0,1435080398,"Animation, Comedy, Family"
227,30000000,862.0,en,21.946943,1995-10-30,173713725.0,81.0,Toy Story,7.7,1586.5,161050,5.0,975000716,"Animation, Comedy, Family"
228,30000000,862.0,en,21.946943,1995-10-30,173713725.0,81.0,Toy Story,7.7,1586.5,161391,3.0,1108519095,"Animation, Comedy, Family"
229,30000000,862.0,en,21.946943,1995-10-30,173713725.0,81.0,Toy Story,7.7,1586.5,162160,3.0,862085661,"Animation, Comedy, Family"
230,30000000,862.0,en,21.946943,1995-10-30,173713725.0,81.0,Toy Story,7.7,1586.5,162306,5.0,945895441,"Animation, Comedy, Family"
231,30000000,862.0,en,21.946943,1995-10-30,173713725.0,81.0,Toy Story,7.7,1586.5,162611,5.0,1015301821,"Animation, Comedy, Family"
232,30000000,862.0,en,21.946943,1995-10-30,173713725.0,81.0,Toy Story,7.7,1586.5,162782,2.0,949342937,"Animation, Comedy, Family"
233,30000000,862.0,en,21.946943,1995-10-30,173713725.0,81.0,Toy Story,7.7,1586.5,162935,3.0,1073990362,"Animation, Comedy, Family"
234,30000000,862.0,en,21.946943,1995-10-30,173713725.0,81.0,Toy Story,7.7,1586.5,164185,5.0,962849951,"Animation, Comedy, Family"
235,30000000,862.0,en,21.946943,1995-10-30,173713725.0,81.0,Toy Story,7.7,1586.5,164290,3.0,879420467,"Animation, Comedy, Family"
236,30000000,862.0,en,21.946943,1995-10-30,173713725.0,81.0,Toy Story,7.7,1586.5,166612,4.0,856334193,"Animation, Comedy, Family"
237,30000000,862.0,en,21.946943,1995-10-30,173713725.0,81.0,Toy Story,7.7,1586.5,167252,1.5,839629046,"Animation, Comedy, Family"
238,30000000,862.0,en,21.946943,1995-10-30,173713725.0,81.0,Toy Story,7.7,1586.5,168164,3.0,1372440125,"Animation, Comedy, Family"
239,30000000,862.0,en,21.946943,1995-10-30,173713725.0,81.0,Toy Story,7.7,1586.5,168923,5.0,854214774,"Animation, Comedy, Family"
240,30000000,862.0,en,21.946943,1995-10-30,173713725.0,81.0,Toy Story,7.7,1586.5,169358,3.0,967473886,"Animation, Comedy, Family"
241,30000000,862.0,en,21.946943,1995-10-30,173713725.0,81.0,Toy Story,7.7,1586.5,170243,4.0,974650139,"Animation, Comedy, Family"
242,30000000,862.0,en,21.946943,1995-10-30,173713725.0,81.0,Toy Story,7.7,1586.5,170931,4.0,880039126,"Animation, Comedy, Family"
243,30000000,862.0,en,21.946943,1995-10-30,173713725.0,81.0,Toy Story,7.7,1586.5,171017,5.0,982482762,"Animation, Comedy, Family"
244,30000000,862.0,en,21.946943,1995-10-30,173713725.0,81.0,Toy Story,7.7,1586.5,171358,2.0,896637309,"Animation, Comedy, Family"
245,30000000,862.0,en,21.946943,1995-10-30,173713725.0,81.0,Toy Story,7.7,1586.5,171868,2.0,842185771,"Animation, Comedy, Family"
246,30000000,862.0,en,21.946943,1995-10-30,173713725.0,81.0,Toy Story,7.7,1586.5,172204,4.0,858679734,"Animation, Comedy, Family"
247,30000000,862.0,en,21.946943,1995-10-30,173713725.0,81.0,Toy Story,7.7,1586.5,173922,4.0,844894211,"Animation, Comedy, Family"
248,30000000,862.0,en,21.946943,1995-10-30,173713725.0,81.0,Toy Story,7.7,1586.5,175355,4.0,957284887,"Animation, Comedy, Family"
249,30000000,862.0,en,21.946943,1995-10-30,173713725.0,81.0,Toy Story,7.7,1586.5,175551,3.0,854708607,"Animation, Comedy, Family"
250,30000000,862.0,en,21.946943,1995-10-30,173713725.0,81.0,Toy Story,7.7,1586.5,176041,2.5,1112733180,"Animation, Comedy, Family"
251,30000000,862.0,en,21.946943,1995-10-30,173713725.0,81.0,Toy Story,7.7,1586.5,176667,4.0,959834688,"Animation, Comedy, Family"
252,30000000,862.0,en,21.946943,1995-10-30,173713725.0,81.0,Toy Story,7.7,1586.5,176807,4.0,973401460,"Animation, Comedy, Family"
253,30000000,862.0,en,21.946943,1995-10-30,173713725.0,81.0,Toy Story,7.7,1586.5,176920,4.0,901818472,"Animation, Comedy, Family"
254,30000000,862.0,en,21.946943,1995-10-30,173713725.0,81.0,Toy Story,7.7,1586.5,177018,4.0,854988493,"Animation, Comedy, Family"
255,30000000,862.0,en,21.946943,1995-10-30,173713725.0,81.0,Toy Story,7.7,1586.5,179578,3.0,865252957,"Animation, Comedy, Family"
256,30000000,862.0,en,21.946943,1995-10-30,173713725.0,81.0,Toy Story,7.7,1586.5,179740,2.5,1060544408,"Animation, Comedy, Family"
257,30000000,862.0,en,21.946943,1995-10-30,173713725.0,81.0,Toy Story,7.7,1586.5,180220,3.0,862985392,"Animation, Comedy, Family"
258,30000000,862.0,en,21.946943,1995-10-30,173713725.0,81.0,Toy Story,7.7,1586.5,180980,4.0,961970946,"Animation, Comedy, Family"
259,30000000,862.0,en,21.946943,1995-10-30,173713725.0,81.0,Toy Story,7.7,1586.5,182422,5.0,960664106,"Animation, Comedy, Family"
260,30000000,862.0,en,21.946943,1995-10-30,173713725.0,81.0,Toy Story,7.7,1586.5,182517,2.0,1028445354,"Animation, Comedy, Family"
261,30000000,862.0,en,21.946943,1995-10-30,173713725.0,81.0,Toy Story,7.7,1586.5,183224,5.0,942425000,"Animation, Comedy, Family"
262,30000000,862.0,en,21.946943,1995-10-30,173713725.0,81.0,Toy Story,7.7,1586.5,184936,4.0,1046983015,"Animation, Comedy, Family"
263,30000000,862.0,en,21.946943,1995-10-30,173713725.0,81.0,Toy Story,7.7,1586.5,186004,4.0,939975262,"Animation, Comedy, Family"
264,30000000,862.0,en,21.946943,1995-10-30,173713725.0,81.0,Toy Story,7.7,1586.5,186059,3.5,1217305241,"Animation, Comedy, Family"
265,30000000,862.0,en,21.946943,1995-10-30,173713725.0,81.0,Toy Story,7.7,1586.5,186075,4.0,1267162566,"Animation, Comedy, Family"
266,30000000,862.0,en,21.946943,1995-10-30,173713725.0,81.0,Toy Story,7.7,1586.5,187355,3.0,888749657,"Animation, Comedy, Family"
267,30000000,862.0,en,21.946943,1995-10-30,173713725.0,81.0,Toy Story,7.7,1586.5,188905,3.0,885406405,"Animation, Comedy, Family"
268,30000000,862.0,en,21.946943,1995-10-30,173713725.0,81.0,Toy Story,7.7,1586.5,190314,5.0,940612230,"Animation, Comedy, Family"
269,30000000,862.0,en,21.946943,1995-10-30,173713725.0,81.0,Toy Story,7.7,1586.5,190476,3.0,854827251,"Animation, Comedy, Family"
270,30000000,862.0,en,21.946943,1995-10-30,173713725.0,81.0,Toy Story,7.7,1586.5,191085,3.0,859668918,"Animation, Comedy, Family"
271,30000000,862.0,en,21.946943,1995-10-30,173713725.0,81.0,Toy Story,7.7,1586.5,191413,3.0,862868157,"Animation, Comedy, Family"
272,30000000,862.0,en,21.946943,1995-10-30,173713725.0,81.0,Toy Story,7.7,1586.5,192397,5.0,862776048,"Animation, Comedy, Family"
273,30000000,862.0,en,21.946943,1995-10-30,173713725.0,81.0,Toy Story,7.7,1586.5,193897,3.5,1077674549,"Animation, Comedy, Family"
274,30000000,862.0,en,21.946943,1995-10-30,173713725.0,81.0,Toy Story,7.7,1586.5,194402,2.0,890426160,"Animation, Comedy, Family"
275,30000000,862.0,en,21.946943,1995-10-30,173713725.0,81.0,Toy Story,7.7,1586.5,195418,3.0,1196319059,"Animation, Comedy, Family"
276,30000000,862.0,en,21.946943,1995-10-30,173713725.0,81.0,Toy Story,7.7,1586.5,195945,3.0,963317757,"Animation, Comedy, Family"
277,30000000,862.0,en,21.946943,1995-10-30,173713725.0,81.0,Toy Story,7.7,1586.5,196070,4.0,999941297,"Animation, Comedy, Family"
278,30000000,862.0,en,21.946943,1995-10-30,173713725.0,81.0,Toy Story,7.7,1586.5,196760,4.0,942777209,"Animation, Comedy, Family"
279,30000000,862.0,en,21.946943,1995-10-30,173713725.0,81.0,Toy Story,7.7,1586.5,197318,4.0,960311178,"Animation, Comedy, Family"
280,30000000,862.0,en,21.946943,1995-10-30,173713725.0,81.0,Toy Story,7.7,1586.5,197365,3.0,853373308,"Animation, Comedy, Family"
281,30000000,862.0,en,21.946943,1995-10-30,173713725.0,81.0,Toy Story,7.7,1586.5,200303,2.5,1203903135,"Animation, Comedy, Family"
282,30000000,862.0,en,21.946943,1995-10-30,173713725.0,81.0,Toy Story,7.7,1586.5,200518,3.0,854025716,"Animation, Comedy, Family"
283,30000000,862.0,en,21.946943,1995-10-30,173713725.0,81.0,Toy Story,7.7,1586.5,201088,5.0,854382887,"Animation, Comedy, Family"
284,30000000,862.0,en,21.946943,1995-10-30,173713725.0,81.0,Toy Story,7.7,1586.5,201940,4.0,1049323466,"Animation, Comedy, Family"
285,30000000,862.0,en,21.946943,1995-10-30,173713725.0,81.0,Toy Story,7.7,1586.5,202331,4.0,1030317120,"Animation, Comedy, Family"
286,30000000,862.0,en,21.946943,1995-10-30,173713725.0,81.0,Toy Story,7.7,1586.5,203864,4.0,943440122,"Animation, Comedy, Family"
287,30000000,862.0,en,21.946943,1995-10-30,173713725.0,81.0,Toy Story,7.7,1586.5,203998,3.0,902154681,"Animation, Comedy, Family"
288,30000000,862.0,en,21.946943,1995-10-30,173713725.0,81.0,Toy Story,7.7,1586.5,204099,3.0,949541043,"Animation, Comedy, Family"
289,30000000,862.0,en,21.946943,1995-10-30,173713725.0,81.0,Toy Story,7.7,1586.5,204412,3.0,1097825065,"Animation, Comedy, Family"
290,30000000,862.0,en,21.946943,1995-10-30,173713725.0,81.0,Toy Story,7.7,1586.5,204690,2.0,940812200,"Animation, Comedy, Family"
291,30000000,862.0,en,21.946943,1995-10-30,173713725.0,81.0,Toy Story,7.7,1586.5,205020,3.0,863039681,"Animation, Comedy, Family"
292,30000000,862.0,en,21.946943,1995-10-30,173713725.0,81.0,Toy Story,7.7,1586.5,208279,3.0,877909387,"Animation, Comedy, Family"
293,30000000,862.0,en,21.946943,1995-10-30,173713725.0,81.0,Toy Story,7.7,1586.5,210002,4.0,861961610,"Animation, Comedy, Family"
294,30000000,862.0,en,21.946943,1995-10-30,173713725.0,81.0,Toy Story,7.7,1586.5,210701,4.0,953168807,"Animation, Comedy, Family"
295,30000000,862.0,en,21.946943,1995-10-30,173713725.0,81.0,Toy Story,7.7,1586.5,213737,3.0,973225832,"Animation, Comedy, Family"
296,30000000,862.0,en,21.946943,1995-10-30,173713725.0,81.0,Toy Story,7.7,1586.5,213744,1.5,1454002195,"Animation, Comedy, Family"
297,30000000,862.0,en,21.946943,1995-10-30,173713725.0,81.0,Toy Story,7.7,1586.5,214809,2.0,861871269,"Animation, Comedy, Family"
298,30000000,862.0,en,21.946943,1995-10-30,173713725.0,81.0,Toy Story,7.7,1586.5,217537,4.0,1002989955,"Animation, Comedy, Family"
299,30000000,862.0,en,21.946943,1995-10-30,173713725.0,81.0,Toy Story,7.7,1586.5,218656,5.0,842894952,"Animation, Comedy, Family"
300,30000000,862.0,en,21.946943,1995-10-30,173713725.0,81.0,Toy Story,7.7,1586.5,221293,3.0,857173083,"Animation, Comedy, Family"
301,30000000,862.0,en,21.946943,1995-10-30,173713725.0,81.0,Toy Story,7.7,1586.5,221431,4.0,938793910,"Animation, Comedy, Family"
302,30000000,862.0,en,21.946943,1995-10-30,173713725.0,81.0,Toy Story,7.7,1586.5,221640,3.5,1182297552,"Animation, Comedy, Family"
303,30000000,862.0,en,21.946943,1995-10-30,173713725.0,81.0,Toy Story,7.7,1586.5,222515,5.0,854010619,"Animation, Comedy, Family"
304,30000000,862.0,en,21.946943,1995-10-30,173713725.0,81.0,Toy Story,7.7,1586.5,222609,4.0,1003601612,"Animation, Comedy, Family"
305,30000000,862.0,en,21.946943,1995-10-30,173713725.0,81.0,Toy Story,7.7,1586.5,222616,4.0,947483209,"Animation, Comedy, Family"
306,30000000,862.0,en,21.946943,1995-10-30,173713725.0,81.0,Toy Story,7.7,1586.5,223261,5.0,974909962,"Animation, Comedy, Family"
307,30000000,862.0,en,21.946943,1995-10-30,173713725.0,81.0,Toy Story,7.7,1586.5,223473,1.5,854469271,"Animation, Comedy, Family"
308,30000000,862.0,en,21.946943,1995-10-30,173713725.0,81.0,Toy Story,7.7,1586.5,224411,3.0,860602945,"Animation, Comedy, Family"
309,30000000,862.0,en,21.946943,1995-10-30,173713725.0,81.0,Toy Story,7.7,1586.5,226112,3.5,1269052195,"Animation, Comedy, Family"
310,30000000,862.0,en,21.946943,1995-10-30,173713725.0,81.0,Toy Story,7.7,1586.5,227101,4.0,884969336,"Animation, Comedy, Family"
311,30000000,862.0,en,21.946943,1995-10-30,173713725.0,81.0,Toy Story,7.7,1586.5,227114,3.0,953010460,"Animation, Comedy, Family"
312,30000000,862.0,en,21.946943,1995-10-30,173713725.0,81.0,Toy Story,7.7,1586.5,227331,2.0,1111690814,"Animation, Comedy, Family"
313,30000000,862.0,en,21.946943,1995-10-30,173713725.0,81.0,Toy Story,7.7,1586.5,227753,4.5,1267643818,"Animation, Comedy, Family"
314,30000000,862.0,en,21.946943,1995-10-30,173713725.0,81.0,Toy Story,7.7,1586.5,228291,3.0,1462396328,"Animation, Comedy, Family"
315,30000000,862.0,en,21.946943,1995-10-30,173713725.0,81.0,Toy Story,7.7,1586.5,228304,3.5,1134328880,"Animation, Comedy, Family"
316,30000000,862.0,en,21.946943,1995-10-30,173713725.0,81.0,Toy Story,7.7,1586.5,229603,3.0,856757866,"Animation, Comedy, Family"
317,30000000,862.0,en,21.946943,1995-10-30,173713725.0,81.0,Toy Story,7.7,1586.5,229879,3.5,1217305091,"Animation, Comedy, Family"
318,30000000,862.0,en,21.946943,1995-10-30,173713725.0,81.0,Toy Story,7.7,1586.5,230528,4.0,1273898086,"Animation, Comedy, Family"
319,30000000,862.0,en,21.946943,1995-10-30,173713725.0,81.0,Toy Story,7.7,1586.5,230576,4.0,962338438,"Animation, Comedy, Family"
320,30000000,862.0,en,21.946943,1995-10-30,173713725.0,81.0,Toy Story,7.7,1586.5,230834,4.0,1081028951,"Animation, Comedy, Family"
321,30000000,862.0,en,21.946943,1995-10-30,173713725.0,81.0,Toy Story,7.7,1586.5,230960,5.0,879967525,"Animation, Comedy, Family"
322,30000000,862.0,en,21.946943,1995-10-30,173713725.0,81.0,Toy Story,7.7,1586.5,232174,3.0,866231245,"Animation, Comedy, Family"
323,30000000,862.0,en,21.946943,1995-10-30,173713725.0,81.0,Toy Story,7.7,1586.5,233428,4.0,868064005,"Animation, Comedy, Family"
324,30000000,862.0,en,21.946943,1995-10-30,173713725.0,81.0,Toy Story,7.7,1586.5,234387,5.0,842848834,"Animation, Comedy, Family"
325,30000000,862.0,en,21.946943,1995-10-30,173713725.0,81.0,Toy Story,7.7,1586.5,235161,4.0,1117138471,"Animation, Comedy, Family"
326,30000000,862.0,en,21.946943,1995-10-30,173713725.0,81.0,Toy Story,7.7,1586.5,236025,5.0,953489064,"Animation, Comedy, Family"
327,30000000,862.0,en,21.946943,1995-10-30,173713725.0,81.0,Toy Story,7.7,1586.5,236944,3.0,1065329041,"Animation, Comedy, Family"
328,30000000,862.0,en,21.946943,1995-10-30,173713725.0,81.0,Toy Story,7.7,1586.5,237555,4.0,955984305,"Animation, Comedy, Family"
329,30000000,862.0,en,21.946943,1995-10-30,173713725.0,81.0,Toy Story,7.7,1586.5,238014,3.0,856247939,"Animation, Comedy, Family"
330,30000000,862.0,en,21.946943,1995-10-30,173713725.0,81.0,Toy Story,7.7,1586.5,238064,3.0,1081028030,"Animation, Comedy, Family"
331,30000000,862.0,en,21.946943,1995-10-30,173713725.0,81.0,Toy Story,7.7,1586.5,239679,3.0,960588542,"Animation, Comedy, Family"
332,30000000,862.0,en,21.946943,1995-10-30,173713725.0,81.0,Toy Story,7.7,1586.5,239701,4.0,941817709,"Animation, Comedy, Family"
333,30000000,862.0,en,21.946943,1995-10-30,173713725.0,81.0,Toy Story,7.7,1586.5,239837,5.0,857712871,"Animation, Comedy, Family"
334,30000000,862.0,en,21.946943,1995-10-30,173713725.0,81.0,Toy Story,7.7,1586.5,239934,3.0,854441016,"Animation, Comedy, Family"
335,30000000,862.0,en,21.946943,1995-10-30,173713725.0,81.0,Toy Story,7.7,1586.5,240297,5.0,1077106276,"Animation, Comedy, Family"
336,30000000,862.0,en,21.946943,1995-10-30,173713725.0,81.0,Toy Story,7.7,1586.5,241343,3.0,1120229933,"Animation, Comedy, Family"
337,30000000,862.0,en,21.946943,1995-10-30,173713725.0,81.0,Toy Story,7.7,1586.5,241867,4.5,1076980361,"Animation, Comedy, Family"
338,30000000,862.0,en,21.946943,1995-10-30,173713725.0,81.0,Toy Story,7.7,1586.5,242985,3.0,954949762,"Animation, Comedy, Family"
339,30000000,862.0,en,21.946943,1995-10-30,173713725.0,81.0,Toy Story,7.7,1586.5,243198,5.0,838486912,"Animation, Comedy, Family"
340,30000000,862.0,en,21.946943,1995-10-30,173713725.0,81.0,Toy Story,7.7,1586.5,243331,3.0,891563609,"Animation, Comedy, Family"
341,30000000,862.0,en,21.946943,1995-10-30,173713725.0,81.0,Toy Story,7.7,1586.5,243484,3.0,944952990,"Animation, Comedy, Family"
342,30000000,862.0,en,21.946943,1995-10-30,173713725.0,81.0,Toy Story,7.7,1586.5,243546,2.0,945140269,"Animation, Comedy, Family"
343,30000000,862.0,en,21.946943,1995-10-30,173713725.0,81.0,Toy Story,7.7,1586.5,244212,5.0,867875511,"Animation, Comedy, Family"
344,30000000,862.0,en,21.946943,1995-10-30,173713725.0,81.0,Toy Story,7.7,1586.5,244259,3.0,959481407,"Animation, Comedy, Family"
345,30000000,862.0,en,21.946943,1995-10-30,173713725.0,81.0,Toy Story,7.7,1586.5,245643,5.0,940583818,"Animation, Comedy, Family"
346,30000000,862.0,en,21.946943,1995-10-30,173713725.0,81.0,Toy Story,7.7,1586.5,246150,3.0,865426938,"Animation, Comedy, Family"
347,30000000,862.0,en,21.946943,1995-10-30,173713725.0,81.0,Toy Story,7.7,1586.5,246584,4.0,947362531,"Animation, Comedy, Family"
348,30000000,862.0,en,21.946943,1995-10-30,173713725.0,81.0,Toy Story,7.7,1586.5,247445,4.0,963992394,"Animation, Comedy, Family"
349,30000000,862.0,en,21.946943,1995-10-30,173713725.0,81.0,Toy Story,7.7,1586.5,248538,4.0,946320538,"Animation, Comedy, Family"
350,30000000,862.0,en,21.946943,1995-10-30,173713725.0,81.0,Toy Story,7.7,1586.5,250082,5.0,854398002,"Animation, Comedy, Family"
351,30000000,862.0,en,21.946943,1995-10-30,173713725.0,81.0,Toy Story,7.7,1586.5,251432,5.0,943701890,"Animation, Comedy, Family"
352,30000000,862.0,en,21.946943,1995-10-30,173713725.0,81.0,Toy Story,7.7,1586.5,251540,4.0,947372401,"Animation, Comedy, Family"
353,30000000,862.0,en,21.946943,1995-10-30,173713725.0,81.0,Toy Story,7.7,1586.5,252193,3.0,913662972,"Animation, Comedy, Family"
354,30000000,862.0,en,21.946943,1995-10-30,173713725.0,81.0,Toy Story,7.7,1586.5,253996,4.5,1368184094,"Animation, Comedy, Family"
355,30000000,862.0,en,21.946943,1995-10-30,173713725.0,81.0,Toy Story,7.7,1586.5,254977,4.0,1050953718,"Animation, Comedy, Family"
356,30000000,862.0,en,21.946943,1995-10-30,173713725.0,81.0,Toy Story,7.7,1586.5,255466,3.0,885753211,"Animation, Comedy, Family"
357,30000000,862.0,en,21.946943,1995-10-30,173713725.0,81.0,Toy Story,7.7,1586.5,255537,5.0,854083893,"Animation, Comedy, Family"
358,30000000,862.0,en,21.946943,1995-10-30,173713725.0,81.0,Toy Story,7.7,1586.5,255933,2.5,1249366274,"Animation, Comedy, Family"
359,30000000,862.0,en,21.946943,1995-10-30,173713725.0,81.0,Toy Story,7.7,1586.5,256553,3.0,859202275,"Animation, Comedy, Family"
360,30000000,862.0,en,21.946943,1995-10-30,173713725.0,81.0,Toy Story,7.7,1586.5,257473,4.0,1080349229,"Animation, Comedy, Family"
361,30000000,862.0,en,21.946943,1995-10-30,173713725.0,81.0,Toy Story,7.7,1586.5,259650,4.0,908556000,"Animation, Comedy, Family"
362,30000000,862.0,en,21.946943,1995-10-30,173713725.0,81.0,Toy Story,7.7,1586.5,262887,3.0,853689416,"Animation, Comedy, Family"
363,30000000,862.0,en,21.946943,1995-10-30,173713725.0,81.0,Toy Story,7.7,1586.5,263586,3.0,891164944,"Animation, Comedy, Family"
364,30000000,862.0,en,21.946943,1995-10-30,173713725.0,81.0,Toy Story,7.7,1586.5,263809,3.5,1461371364,"Animation, Comedy, Family"
365,30000000,862.0,en,21.946943,1995-10-30,173713725.0,81.0,Toy Story,7.7,1586.5,265840,2.0,945065463,"Animation, Comedy, Family"
366,30000000,862.0,en,21.946943,1995-10-30,173713725.0,81.0,Toy Story,7.7,1586.5,266243,4.0,974730526,"Animation, Comedy, Family"
367,30000000,862.0,en,21.946943,1995-10-30,173713725.0,81.0,Toy Story,7.7,1586.5,266783,3.0,1145248526,"Animation, Comedy, Family"
368,30000000,862.0,en,21.946943,1995-10-30,173713725.0,81.0,Toy Story,7.7,1586.5,267543,4.0,945299890,"Animation, Comedy, Family"
369,30000000,862.0,en,21.946943,1995-10-30,173713725.0,81.0,Toy Story,7.7,1586.5,268336,4.0,955427492,"Animation, Comedy, Family"
370,30000000,862.0,en,21.946943,1995-10-30,173713725.0,81.0,Toy Story,7.7,1586.5,268391,3.0,856529977,"Animation, Comedy, Family"
371,30000000,862.0,en,21.946943,1995-10-30,173713725.0,81.0,Toy Story,7.7,1586.5,268568,2.0,943826734,"Animation, Comedy, Family"
372,30000000,862.0,en,21.946943,1995-10-30,173713725.0,81.0,Toy Story,7.7,1586.5,270422,4.0,941664133,"Animation, Comedy, Family"
373,30000000,862.0,en,21.946943,1995-10-30,173713725.0,81.0,Toy Story,7.7,1586.5,270654,4.0,976204090,"Animation, Comedy, Family"
374,65000000,6832.5,en,17.015539,1995-12-15,173713725.0,104.0,Jumanji,6.9,1586.5,7016,4.0,1257352229,"Adventure, Fantasy, Family"
375,65000000,6832.5,en,17.015539,1995-12-15,173713725.0,104.0,Jumanji,6.9,1586.5,7144,4.5,1194102660,"Adventure, Fantasy, Family"
376,65000000,6832.5,en,17.015539,1995-12-15,173713725.0,104.0,Jumanji,6.9,1586.5,8659,4.0,1153855942,"Adventure, Fantasy, Family"
377,65000000,6832.5,en,17.015539,1995-12-15,173713725.0,104.0,Jumanji,6.9,1586.5,9547,4.0,1225732406,"Adventure, Fantasy, Family"
378,65000000,6832.5,en,17.015539,1995-12-15,173713725.0,104.0,Jumanji,6.9,1586.5,11220,1.5,1320469651,"Adventure, Fantasy, Family"
379,65000000,6832.5,en,17.015539,1995-12-15,173713725.0,104.0,Jumanji,6.9,1586.5,13399,4.5,1219067053,"Adventure, Fantasy, Family"
380,65000000,6832.5,en,17.015539,1995-12-15,173713725.0,104.0,Jumanji,6.9,1586.5,17808,5.0,1210346288,"Adventure, Fantasy, Family"
381,65000000,6832.5,en,17.015539,1995-12-15,173713725.0,104.0,Jumanji,6.9,1586.5,19843,2.0,1170015214,"Adventure, Fantasy, Family"
382,65000000,6832.5,en,17.015539,1995-12-15,173713725.0,104.0,Jumanji,6.9,1586.5,24266,4.0,1484873913,"Adventure, Fantasy, Family"
383,65000000,6832.5,en,17.015539,1995-12-15,173713725.0,104.0,Jumanji,6.9,1586.5,24971,3.0,1191707038,"Adventure, Fantasy, Family"
384,65000000,6832.5,en,17.015539,1995-12-15,173713725.0,104.0,Jumanji,6.9,1586.5,25209,4.0,1250093567,"Adventure, Fantasy, Family"
385,65000000,6832.5,en,17.015539,1995-12-15,173713725.0,104.0,Jumanji,6.9,1586.5,26957,4.0,1122369298,"Adventure, Fantasy, Family"
386,65000000,6832.5,en,17.015539,1995-12-15,173713725.0,104.0,Jumanji,6.9,1586.5,30449,5.0,1163286243,"Adventure, Fantasy, Family"
387,65000000,6832.5,en,17.015539,1995-12-15,173713725.0,104.0,Jumanji,6.9,1586.5,31291,4.0,1448264677,"Adventure, Fantasy, Family"
388,65000000,6832.5,en,17.015539,1995-12-15,173713725.0,104.0,Jumanji,6.9,1586.5,31868,4.0,1390748763,"Adventure, Fantasy, Family"
389,65000000,6832.5,en,17.015539,1995-12-15,173713725.0,104.0,Jumanji,6.9,1586.5,38695,4.5,1149537847,"Adventure, Fantasy, Family"
390,65000000,6832.5,en,17.015539,1995-12-15,173713725.0,104.0,Jumanji,6.9,1586.5,39608,4.0,1177684415,"Adventure, Fantasy, Family"
391,65000000,6832.5,en,17.015539,1995-12-15,173713725.0,104.0,Jumanji,6.9,1586.5,41102,4.0,1200819921,"Adventure, Fantasy, Family"
392,65000000,6832.5,en,17.015539,1995-12-15,173713725.0,104.0,Jumanji,6.9,1586.5,45095,4.5,1253246188,"Adventure, Fantasy, Family"
393,65000000,6832.5,en,17.015539,1995-12-15,173713725.0,104.0,Jumanji,6.9,1586.5,45811,4.0,1450162772,"Adventure, Fantasy, Family"
394,65000000,6832.5,en,17.015539,1995-12-15,173713725.0,104.0,Jumanji,6.9,1586.5,46206,4.0,1168637268,"Adventure, Fantasy, Family"
395,65000000,6832.5,en,17.015539,1995-12-15,173713725.0,104.0,Jumanji,6.9,1586.5,50265,3.5,1308901919,"Adventure, Fantasy, Family"
396,65000000,6832.5,en,17.015539,1995-12-15,173713725.0,104.0,Jumanji,6.9,1586.5,57929,5.0,1360024651,"Adventure, Fantasy, Family"
397,65000000,6832.5,en,17.015539,1995-12-15,173713725.0,104.0,Jumanji,6.9,1586.5,65469,4.5,1290913781,"Adventure, Fantasy, Family"
398,65000000,6832.5,en,17.015539,1995-12-15,173713725.0,104.0,Jumanji,6.9,1586.5,69434,4.5,1311440408,"Adventure, Fantasy, Family"
399,65000000,6832.5,en,17.015539,1995-12-15,173713725.0,104.0,Jumanji,6.9,1586.5,72920,5.0,1235216639,"Adventure, Fantasy, Family"
400,65000000,6832.5,en,17.015539,1995-12-15,173713725.0,104.0,Jumanji,6.9,1586.5,73185,5.0,1223465468,"Adventure, Fantasy, Family"
401,65000000,6832.5,en,17.015539,1995-12-15,173713725.0,104.0,Jumanji,6.9,1586.5,74359,3.5,1098193058,"Adventure, Fantasy, Family"
402,65000000,6832.5,en,17.015539,1995-12-15,173713725.0,104.0,Jumanji,6.9,1586.5,75892,4.5,1424627266,"Adventure, Fantasy, Family"
403,65000000,6832.5,en,17.015539,1995-12-15,173713725.0,104.0,Jumanji,6.9,1586.5,79024,5.0,1282894850,"Adventure, Fantasy, Family"
404,65000000,6832.5,en,17.015539,1995-12-15,173713725.0,104.0,Jumanji,6.9,1586.5,81809,5.0,1166635620,"Adventure, Fantasy, Family"
405,65000000,6832.5,en,17.015539,1995-12-15,173713725.0,104.0,Jumanji,6.9,1586.5,82619,3.5,1460677235,"Adventure, Fantasy, Family"
406,65000000,6832.5,en,17.015539,1995-12-15,173713725.0,104.0,Jumanji,6.9,1586.5,84359,4.0,1096217497,"Adventure, Fantasy, Family"
407,65000000,6832.5,en,17.015539,1995-12-15,173713725.0,104.0,Jumanji,6.9,1586.5,86089,3.0,1206760438,"Adventure, Fantasy, Family"
408,65000000,6832.5,en,17.015539,1995-12-15,173713725.0,104.0,Jumanji,6.9,1586.5,91970,4.5,1230608262,"Adventure, Fantasy, Family"
409,65000000,6832.5,en,17.015539,1995-12-15,173713725.0,104.0,Jumanji,6.9,1586.5,93358,3.0,1142197074,"Adventure, Fantasy, Family"
410,65000000,6832.5,en,17.015539,1995-12-15,173713725.0,104.0,Jumanji,6.9,1586.5,95013,2.0,1375018983,"Adventure, Fantasy, Family"
411,65000000,6832.5,en,17.015539,1995-12-15,173713725.0,104.0,Jumanji,6.9,1586.5,95301,3.0,1239264995,"Adventure, Fantasy, Family"
412,65000000,6832.5,en,17.015539,1995-12-15,173713725.0,104.0,Jumanji,6.9,1586.5,98206,4.0,1169293762,"Adventure, Fantasy, Family"
413,65000000,6832.5,en,17.015539,1995-12-15,173713725.0,104.0,Jumanji,6.9,1586.5,100308,4.5,1158698029,"Adventure, Fantasy, Family"
414,65000000,6832.5,en,17.015539,1995-12-15,173713725.0,104.0,Jumanji,6.9,1586.5,100941,4.0,1144843574,"Adventure, Fantasy, Family"
415,65000000,6832.5,en,17.015539,1995-12-15,173713725.0,104.0,Jumanji,6.9,1586.5,110219,3.5,1135980806,"Adventure, Fantasy, Family"
416,65000000,6832.5,en,17.015539,1995-12-15,173713725.0,104.0,Jumanji,6.9,1586.5,110393,2.5,1325434760,"Adventure, Fantasy, Family"
417,65000000,6832.5,en,17.015539,1995-12-15,173713725.0,104.0,Jumanji,6.9,1586.5,114038,1.5,1226434705,"Adventure, Fantasy, Family"
418,65000000,6832.5,en,17.015539,1995-12-15,173713725.0,104.0,Jumanji,6.9,1586.5,115640,3.5,1175358316,"Adventure, Fantasy, Family"
419,65000000,6832.5,en,17.015539,1995-12-15,173713725.0,104.0,Jumanji,6.9,1586.5,115995,4.0,1464263139,"Adventure, Fantasy, Family"
420,65000000,6832.5,en,17.015539,1995-12-15,173713725.0,104.0,Jumanji,6.9,1586.5,117667,4.5,1387154135,"Adventure, Fantasy, Family"
421,65000000,6832.5,en,17.015539,1995-12-15,173713725.0,104.0,Jumanji,6.9,1586.5,120744,2.0,1169167398,"Adventure, Fantasy, Family"
422,65000000,6832.5,en,17.015539,1995-12-15,173713725.0,104.0,Jumanji,6.9,1586.5,122838,5.0,1281298734,"Adventure, Fantasy, Family"
423,65000000,6832.5,en,17.015539,1995-12-15,173713725.0,104.0,Jumanji,6.9,1586.5,122946,4.0,1455540387,"Adventure, Fantasy, Family"
424,65000000,6832.5,en,17.015539,1995-12-15,173713725.0,104.0,Jumanji,6.9,1586.5,123484,4.0,1457216977,"Adventure, Fantasy, Family"
425,65000000,6832.5,en,17.015539,1995-12-15,173713725.0,104.0,Jumanji,6.9,1586.5,123603,4.0,1285874198,"Adventure, Fantasy, Family"
426,65000000,6832.5,en,17.015539,1995-12-15,173713725.0,104.0,Jumanji,6.9,1586.5,128521,2.5,1250560733,"Adventure, Fantasy, Family"
427,65000000,6832.5,en,17.015539,1995-12-15,173713725.0,104.0,Jumanji,6.9,1586.5,130744,4.0,1172201060,"Adventure, Fantasy, Family"
428,65000000,6832.5,en,17.015539,1995-12-15,173713725.0,104.0,Jumanji,6.9,1586.5,131393,5.0,1303184894,"Adventure, Fantasy, Family"
429,65000000,6832.5,en,17.015539,1995-12-15,173713725.0,104.0,Jumanji,6.9,1586.5,133861,1.5,1166548482,"Adventure, Fantasy, Family"
430,65000000,6832.5,en,17.015539,1995-12-15,173713725.0,104.0,Jumanji,6.9,1586.5,134240,4.5,1422619292,"Adventure, Fantasy, Family"
431,65000000,6832.5,en,17.015539,1995-12-15,173713725.0,104.0,Jumanji,6.9,1586.5,137400,4.0,1256633782,"Adventure, Fantasy, Family"
432,65000000,6832.5,en,17.015539,1995-12-15,173713725.0,104.0,Jumanji,6.9,1586.5,139811,1.5,1202167428,"Adventure, Fantasy, Family"
433,65000000,6832.5,en,17.015539,1995-12-15,173713725.0,104.0,Jumanji,6.9,1586.5,143140,4.0,1167322082,"Adventure, Fantasy, Family"
434,65000000,6832.5,en,17.015539,1995-12-15,173713725.0,104.0,Jumanji,6.9,1586.5,144743,3.5,1344843435,"Adventure, Fantasy, Family"
435,65000000,6832.5,en,17.015539,1995-12-15,173713725.0,104.0,Jumanji,6.9,1586.5,146093,3.5,1289582977,"Adventure, Fantasy, Family"
436,65000000,6832.5,en,17.015539,1995-12-15,173713725.0,104.0,Jumanji,6.9,1586.5,149935,3.0,1166141011,"Adventure, Fantasy, Family"
437,65000000,6832.5,en,17.015539,1995-12-15,173713725.0,104.0,Jumanji,6.9,1586.5,150025,4.0,1112273826,"Adventure, Fantasy, Family"
438,65000000,6832.5,en,17.015539,1995-12-15,173713725.0,104.0,Jumanji,6.9,1586.5,152691,1.5,1224457954,"Adventure, Fantasy, Family"
439,65000000,6832.5,en,17.015539,1995-12-15,173713725.0,104.0,Jumanji,6.9,1586.5,153558,4.0,1207901991,"Adventure, Fantasy, Family"
440,65000000,6832.5,en,17.015539,1995-12-15,173713725.0,104.0,Jumanji,6.9,1586.5,154011,4.0,1191946339,"Adventure, Fantasy, Family"
441,65000000,6832.5,en,17.015539,1995-12-15,173713725.0,104.0,Jumanji,6.9,1586.5,156580,5.0,1333690508,"Adventure, Fantasy, Family"
442,65000000,6832.5,en,17.015539,1995-12-15,173713725.0,104.0,Jumanji,6.9,1586.5,160414,4.0,1422937910,"Adventure, Fantasy, Family"
443,65000000,6832.5,en,17.015539,1995-12-15,173713725.0,104.0,Jumanji,6.9,1586.5,161876,4.0,1271993175,"Adventure, Fantasy, Family"
444,65000000,6832.5,en,17.015539,1995-12-15,173713725.0,104.0,Jumanji,6.9,1586.5,164363,3.5,1449442922,"Adventure, Fantasy, Family"
445,65000000,6832.5,en,17.015539,1995-12-15,173713725.0,104.0,Jumanji,6.9,1586.5,165125,3.5,1364778732,"Adventure, Fantasy, Family"
446,65000000,6832.5,en,17.015539,1995-12-15,173713725.0,104.0,Jumanji,6.9,1586.5,166928,4.0,1310446564,"Adventure, Fantasy, Family"
447,65000000,6832.5,en,17.015539,1995-12-15,173713725.0,104.0,Jumanji,6.9,1586.5,170760,3.0,1127954411,"Adventure, Fantasy, Family"
448,65000000,6832.5,en,17.015539,1995-12-15,173713725.0,104.0,Jumanji,6.9,1586.5,173766,4.5,1162576213,"Adventure, Fantasy, Family"
449,65000000,6832.5,en,17.015539,1995-12-15,173713725.0,104.0,Jumanji,6.9,1586.5,175436,4.0,1167969373,"Adventure, Fantasy, Family"
450,65000000,6832.5,en,17.015539,1995-12-15,173713725.0,104.0,Jumanji,6.9,1586.5,175621,4.0,1404047974,"Adventure, Fantasy, Family"
451,65000000,6832.5,en,17.015539,1995-12-15,173713725.0,104.0,Jumanji,6.9,1586.5,177547,3.0,1293383836,"Adventure, Fantasy, Family"
452,65000000,6832.5,en,17.015539,1995-12-15,173713725.0,104.0,Jumanji,6.9,1586.5,179792,4.0,1177558296,"Adventure, Fantasy, Family"
453,65000000,6832.5,en,17.015539,1995-12-15,173713725.0,104.0,Jumanji,6.9,1586.5,180941,4.5,1480253043,"Adventure, Fantasy, Family"
454,65000000,6832.5,en,17.015539,1995-12-15,173713725.0,104.0,Jumanji,6.9,1586.5,182317,3.5,1453699341,"Adventure, Fantasy, Family"
455,65000000,6832.5,en,17.015539,1995-12-15,173713725.0,104.0,Jumanji,6.9,1586.5,182690,3.0,1094855578,"Adventure, Fantasy, Family"
456,65000000,6832.5,en,17.015539,1995-12-15,173713725.0,104.0,Jumanji,6.9,1586.5,183181,3.5,1309259207,"Adventure, Fantasy, Family"
457,65000000,6832.5,en,17.015539,1995-12-15,173713725.0,104.0,Jumanji,6.9,1586.5,184810,5.0,1240149853,"Adventure, Fantasy, Family"
458,65000000,6832.5,en,17.015539,1995-12-15,173713725.0,104.0,Jumanji,6.9,1586.5,187871,1.5,1154826653,"Adventure, Fantasy, Family"
459,65000000,6832.5,en,17.015539,1995-12-15,173713725.0,104.0,Jumanji,6.9,1586.5,188360,4.5,1341345053,"Adventure, Fantasy, Family"
460,65000000,6832.5,en,17.015539,1995-12-15,173713725.0,104.0,Jumanji,6.9,1586.5,188407,5.0,1145610557,"Adventure, Fantasy, Family"
461,65000000,6832.5,en,17.015539,1995-12-15,173713725.0,104.0,Jumanji,6.9,1586.5,189126,4.5,1158685197,"Adventure, Fantasy, Family"
462,65000000,6832.5,en,17.015539,1995-12-15,173713725.0,104.0,Jumanji,6.9,1586.5,189846,4.5,1166157417,"Adventure, Fantasy, Family"
463,65000000,6832.5,en,17.015539,1995-12-15,173713725.0,104.0,Jumanji,6.9,1586.5,190682,3.5,1268849640,"Adventure, Fantasy, Family"
464,65000000,6832.5,en,17.015539,1995-12-15,173713725.0,104.0,Jumanji,6.9,1586.5,191837,4.5,1145298646,"Adventure, Fantasy, Family"
465,65000000,6832.5,en,17.015539,1995-12-15,173713725.0,104.0,Jumanji,6.9,1586.5,194562,5.0,1436812512,"Adventure, Fantasy, Family"
466,65000000,6832.5,en,17.015539,1995-12-15,173713725.0,104.0,Jumanji,6.9,1586.5,194733,4.5,1174096342,"Adventure, Fantasy, Family"
467,65000000,6832.5,en,17.015539,1995-12-15,173713725.0,104.0,Jumanji,6.9,1586.5,196589,4.5,1221082224,"Adventure, Fantasy, Family"
468,65000000,6832.5,en,17.015539,1995-12-15,173713725.0,104.0,Jumanji,6.9,1586.5,199743,3.5,1238256890,"Adventure, Fantasy, Family"
469,65000000,6832.5,en,17.015539,1995-12-15,173713725.0,104.0,Jumanji,6.9,1586.5,200643,1.5,1187192642,"Adventure, Fantasy, Family"
470,65000000,6832.5,en,17.015539,1995-12-15,173713725.0,104.0,Jumanji,6.9,1586.5,203028,3.0,1168085188,"Adventure, Fantasy, Family"
471,65000000,6832.5,en,17.015539,1995-12-15,173713725.0,104.0,Jumanji,6.9,1586.5,207854,4.0,1349897973,"Adventure, Fantasy, Family"
472,65000000,6832.5,en,17.015539,1995-12-15,173713725.0,104.0,Jumanji,6.9,1586.5,207890,4.0,1284829195,"Adventure, Fantasy, Family"
473,65000000,6832.5,en,17.015539,1995-12-15,173713725.0,104.0,Jumanji,6.9,1586.5,212079,3.5,1309118769,"Adventure, Fantasy, Family"
474,65000000,6832.5,en,17.015539,1995-12-15,173713725.0,104.0,Jumanji,6.9,1586.5,212179,5.0,1254150316,"Adventure, Fantasy, Family"
475,65000000,6832.5,en,17.015539,1995-12-15,173713725.0,104.0,Jumanji,6.9,1586.5,212895,4.5,1404950188,"Adventure, Fantasy, Family"
476,65000000,6832.5,en,17.015539,1995-12-15,173713725.0,104.0,Jumanji,6.9,1586.5,212995,4.0,1405593122,"Adventure, Fantasy, Family"
477,65000000,6832.5,en,17.015539,1995-12-15,173713725.0,104.0,Jumanji,6.9,1586.5,215487,4.0,1397043494,"Adventure, Fantasy, Family"
478,65000000,6832.5,en,17.015539,1995-12-15,173713725.0,104.0,Jumanji,6.9,1586.5,218118,2.5,1187719935,"Adventure, Fantasy, Family"
479,65000000,6832.5,en,17.015539,1995-12-15,173713725.0,104.0,Jumanji,6.9,1586.5,218994,3.5,1309118645,"Adventure, Fantasy, Family"
480,65000000,6832.5,en,17.015539,1995-12-15,173713725.0,104.0,Jumanji,6.9,1586.5,219331,4.5,1093485015,"Adventure, Fantasy, Family"
481,65000000,6832.5,en,17.015539,1995-12-15,173713725.0,104.0,Jumanji,6.9,1586.5,221327,3.5,1277697735,"Adventure, Fantasy, Family"
482,65000000,6832.5,en,17.015539,1995-12-15,173713725.0,104.0,Jumanji,6.9,1586.5,225379,4.5,1450119021,"Adventure, Fantasy, Family"
483,65000000,6832.5,en,17.015539,1995-12-15,173713725.0,104.0,Jumanji,6.9,1586.5,226065,3.0,1380452713,"Adventure, Fantasy, Family"
484,65000000,6832.5,en,17.015539,1995-12-15,173713725.0,104.0,Jumanji,6.9,1586.5,226493,4.0,1422482350,"Adventure, Fantasy, Family"
485,65000000,6832.5,en,17.015539,1995-12-15,173713725.0,104.0,Jumanji,6.9,1586.5,227779,3.0,1202022349,"Adventure, Fantasy, Family"
486,65000000,6832.5,en,17.015539,1995-12-15,173713725.0,104.0,Jumanji,6.9,1586.5,229808,3.5,1414044053,"Adventure, Fantasy, Family"
487,65000000,6832.5,en,17.015539,1995-12-15,173713725.0,104.0,Jumanji,6.9,1586.5,232807,3.0,1153746668,"Adventure, Fantasy, Family"
488,65000000,6832.5,en,17.015539,1995-12-15,173713725.0,104.0,Jumanji,6.9,1586.5,235254,5.0,1093365178,"Adventure, Fantasy, Family"
489,65000000,6832.5,en,17.015539,1995-12-15,173713725.0,104.0,Jumanji,6.9,1586.5,237473,3.5,1451759649,"Adventure, Fantasy, Family"
490,65000000,6832.5,en,17.015539,1995-12-15,173713725.0,104.0,Jumanji,6.9,1586.5,238887,4.0,1175011010,"Adventure, Fantasy, Family"
491,65000000,6832.5,en,17.015539,1995-12-15,173713725.0,104.0,Jumanji,6.9,1586.5,244302,3.0,1357086192,"Adventure, Fantasy, Family"
492,65000000,6832.5,en,17.015539,1995-12-15,173713725.0,104.0,Jumanji,6.9,1586.5,257389,4.5,1317630819,"Adventure, Fantasy, Family"
493,65000000,6832.5,en,17.015539,1995-12-15,173713725.0,104.0,Jumanji,6.9,1586.5,259476,4.0,1446588535,"Adventure, Fantasy, Family"
494,65000000,6832.5,en,17.015539,1995-12-15,173713725.0,104.0,Jumanji,6.9,1586.5,263655,4.0,1500914862,"Adventure, Fantasy, Family"
495,65000000,6832.5,en,17.015539,1995-12-15,173713725.0,104.0,Jumanji,6.9,1586.5,266163,4.5,1158843928,"Adventure, Fantasy, Family"
496,65000000,6832.5,en,17.015539,1995-12-15,173713725.0,104.0,Jumanji,6.9,1586.5,269855,3.0,1331998706,"Adventure, Fantasy, Family"
497,60000000,949.0,en,17.924927,1995-12-15,173713725.0,160.0,Heat,7.7,1586.5,174,4.0,956976196,"Action, Crime, Drama, Thriller"
498,60000000,949.0,en,17.924927,1995-12-15,173713725.0,160.0,Heat,7.7,1586.5,346,4.0,967123280,"Action, Crime, Drama, Thriller"
499,60000000,949.0,en,17.924927,1995-12-15,173713725.0,160.0,Heat,7.7,1586.5,362,4.0,938485963,"Action, Crime, Drama, Thriller"
